{
  "left_uniforms": {
    "width": 3840,
    "height": 2160,
    "fx": 1898.6586558945337,
    "fy": 1899.6119935972047,
    "cx": 1919.372365976781,
    "cy": 1063.171593155705,
    "d": [
      -0.0007861104258353579,
      0.06767320765357862,
      -0.07408969996955275,
      0.029944425249175583
    ]
  },
  "right_uniforms": {
    "width": 3840,
    "height": 2160,
    "fx": 1898.6586558945337,
    "fy": 1899.6119935972047,
    "cx": 1919.372365976781,
    "cy": 1063.171593155705,
    "d": [
      -0.0007861104258353579,
      0.06767320765357862,
      -0.07408969996955275,
      0.029944425249175583
    ]
  },
  "params": {
    "cameraAxisOffset": 0.2407228061037774,
    "intersect": 0.5446535553877849,
    "xTy": 0.0047470772931957885,
    "xRz": 0.007075636557621644,
    "zRx": -0.003528732714875931,
    "xRx": 0.0,
    "zRz": 0.0
  },
  "rig_tilt": 0.30831990970388023,
  "rig_roll": 0.0,
  "sync_offset": 67,
  "field_roi": {
    "left": [
      [
        0.5911,
        0.9963
      ],
      [
        0.3807,
        0.7917
      ],
      [
        0.2922,
        0.6852
      ],
      [
        0.2271,
        0.5954
      ],
      [
        0.3443,
        0.5056
      ],
      [
        0.4333,
        0.4435
      ],
      [
        0.4797,
        0.412
      ],
      [
        0.5911,
        0.3407
      ],
      [
        0.6854,
        0.3074
      ],
      [
        0.8224,
        0.263
      ],
      [
        0.9094,
        0.2389
      ],
      [
        0.9156,
        0.3241
      ],
      [
        0.9245,
        0.4583
      ],
      [
        0.9219,
        0.7657
      ],
      [
        0.901,
        0.9981
      ]
    ],
    "right": [
      [
        0.2182,
        0.9972
      ],
      [
        0.1818,
        0.6194
      ],
      [
        0.1776,
        0.3852
      ],
      [
        0.1792,
        0.2991
      ],
      [
        0.1812,
        0.2667
      ],
      [
        0.3495,
        0.2861
      ],
      [
        0.4927,
        0.3167
      ],
      [
        0.612,
        0.3787
      ],
      [
        0.6984,
        0.4287
      ],
      [
        0.8219,
        0.5083
      ],
      [
        0.8755,
        0.5426
      ],
      [
        0.7677,
        0.6963
      ],
      [
        0.6318,
        0.8546
      ],
      [
        0.4714,
        0.9972
      ]
    ]
  }
}