{
  "left_uniforms": {
    "width": 1920,
    "height": 1080,
    "fx": 844.1001139984198,
    "fy": 844.7865318450325,
    "cx": 960.0,
    "cy": 540.0,
    "d": [
      0.07200327298196987,
      -0.09644755975330371,
      0.193146568611536,
      -0.10537850279046504
    ]
  },
  "right_uniforms": {
    "width": 1920,
    "height": 1080,
    "fx": 844.1001139984198,
    "fy": 844.7865318450325,
    "cx": 960.0,
    "cy": 540.0,
    "d": [
      0.07200327298196987,
      -0.09644755975330371,
      0.193146568611536,
      -0.10537850279046504
    ]
  },
  "params": {
    "cameraAxisOffset": 0.23360062614040356,
    "intersect": 0.3626464500338126,
    "xTy": 0.014958255916249191,
    "xRz": -0.05929485660651945,
    "zRx": 0.1014226711870833,
    "xRx": 0.0,
    "zRz": 0.0
  },
  "rig_tilt": 0.0,
  "rig_roll": 0.0,
  "sync_offset": 0,
  "field_roi": null
}